-- phpMyAdmin SQL Dump
-- version 5.1.1
-- https://www.phpmyadmin.net/
--
-- Hôte : 127.0.0.1:3306
-- Généré le : ven. 07 jan. 2022 à 22:48
-- Version du serveur : 5.7.36
-- Version de PHP : 8.0.13

SET SQL_MODE = "NO_AUTO_VALUE_ON_ZERO";
START TRANSACTION;
SET time_zone = "+00:00";


/*!40101 SET @OLD_CHARACTER_SET_CLIENT=@@CHARACTER_SET_CLIENT */;
/*!40101 SET @OLD_CHARACTER_SET_RESULTS=@@CHARACTER_SET_RESULTS */;
/*!40101 SET @OLD_COLLATION_CONNECTION=@@COLLATION_CONNECTION */;
/*!40101 SET NAMES utf8mb4 */;

--
-- Base de données : `jeudeloie`
--

-- --------------------------------------------------------

--
-- Structure de la table `answer`
--

DROP TABLE IF EXISTS `answer`;
CREATE TABLE IF NOT EXISTS `answer` (
  `id_answer` int(11) NOT NULL AUTO_INCREMENT,
  `answer` varchar(50) DEFAULT NULL,
  `valid` tinyint(1) DEFAULT NULL,
  PRIMARY KEY (`id_answer`)
) ENGINE=InnoDB AUTO_INCREMENT=584 DEFAULT CHARSET=utf8mb4;

--
-- Déchargement des données de la table `answer`
--

INSERT INTO `answer` (`id_answer`, `answer`, `valid`) VALUES
(129, 'One Piece', 0),
(130, 'Dragon Ball Z', 0),
(131, 'Doraemon', 0),
(132, 'Sazae-san', 1),
(133, 'Super Mario Bros 3', 0),
(134, 'Zelda a Link to the Past', 0),
(135, 'Minecraft', 1),
(136, 'Red Dead Redemption 2', 0),
(137, 'Mario', 1),
(138, 'Link', 0),
(139, 'Pikachu', 0),
(140, 'Lara Croft', 0),
(141, 'Phantasy Star Online 2', 0),
(142, 'FortNite', 1),
(143, 'Call of Duty ', 0),
(144, 'Final Fantasy XIV', 0),
(145, 'Monster Hunter', 0),
(146, 'Street Fighter II', 0),
(147, 'CrossFire', 1),
(148, 'Super Mario Bros', 0),
(149, 'Final Fantasy XI', 0),
(150, 'World of Warcraft', 1),
(151, 'Warhammer 40k', 0),
(152, 'Call of Duty', 0),
(155, 'Star Citizen prévu en 2025 (286M de $)', 1),
(156, 'Sony Playstation', 0),
(157, 'Sony Playstation 2', 1),
(158, 'Sony Playstation 4', 0),
(159, 'Nintendo Wii', 0),
(160, 'Street Fighter', 0),
(161, 'Tomb Raider', 0),
(162, 'Resident Evil', 1),
(163, 'Mortal Kombat', 0),
(164, 'Pac Man', 1),
(165, 'Space Invaders', 0),
(166, 'Asteroids', 0),
(167, 'Street fighter II', 0),
(168, 'Doom', 0),
(169, 'Star Wars', 0),
(170, 'Tetris', 1),
(171, 'Sonic the Hedgehog', 0),
(172, 'Nintendo Game Boy', 0),
(173, 'Nintendo Game Boy Advance', 0),
(174, 'Nintendo DS', 1),
(175, 'Nintendo 3DS', 0),
(176, 'Super Mario Bros 3', 0),
(177, 'The Witcher III', 0),
(178, 'Baldur\'s Gate', 0),
(179, 'The Legend of Zelda: Ocarina of Time', 1),
(180, 'L\'attaque des Titans', 1),
(181, 'Au pays de Candy', 0),
(182, 'Albator', 0),
(183, 'Dragon Ball', 0),
(184, 'The Witcher 3', 0),
(185, 'GTA IV', 1),
(186, 'TIL New Vegas', 0),
(187, 'Fallout 3', 0),
(188, 'Call of Duty: Black Ops', 1),
(189, 'Doom II', 0),
(190, 'Battlefield', 0),
(191, 'Diablo III', 0),
(192, 'Counter Strike', 0),
(193, 'Halo', 0),
(194, 'Unreal tournament', 0),
(195, 'Quake', 1),
(196, 'Assassin Creed III', 1),
(197, 'Final Fantasy VII remastered', 0),
(198, 'The Elder Scrolls V: Skyrim', 0),
(199, 'Dark Souls 3', 0),
(204, 'Final Fantasy XIV', 0),
(205, 'Phantasy Star Online 2', 0),
(206, 'Sword Legends', 0),
(207, 'Final Fantasy XI', 1),
(208, 'The Last of Us', 0),
(209, 'Control', 0),
(210, 'Shadow of the Tomb Raider', 0),
(211, 'The Witcher 3: Wild hunt', 1),
(212, 'Unreal engine', 1),
(213, 'Unity', 0),
(214, 'RPG Maker', 0),
(215, 'CryEngine', 0),
(216, 'Ellie (The Last of Us)', 0),
(217, 'Aerith (Final Fantasy VII)', 0),
(218, 'Jill Valentine (Resident Evil)', 0),
(219, 'Lara Croft (Tomb Raider)', 1),
(220, 'Attack on Titan for Giants', 1),
(221, 'Dragon Ball Z Warriors', 0),
(222, 'Fairy Tail Universe', 0),
(223, 'One Piece Forever', 0),
(224, '52', 0),
(225, '46', 0),
(226, '61', 1),
(227, '73', 0),
(228, 'Environ 1000', 1),
(229, 'Environ 1500', 1),
(230, 'Environ 2000', 0),
(231, 'Environ 2500', 0),
(232, '1985', 0),
(233, '1987', 0),
(234, '1990', 1),
(235, '1995', 0),
(236, 'France', 1),
(237, 'Chine', 0),
(238, 'USA', 0),
(239, 'Korée', 0),
(240, '10 jours et 5 heures', 0),
(241, '11 jours et 3 heures', 0),
(242, '11 jours et 9 heures', 1),
(243, '12 jours et 3 heures', 0),
(244, '18M d\'euros', 1),
(245, '20M d\'euros', 0),
(246, '23M d\'euros', 0),
(247, '29M d\'euros', 0),
(248, 'Titanic', 0),
(249, 'Le voyage de Chihiro', 0),
(250, 'Demon Slayer : Le Train de l\'infini ', 1),
(251, 'La Reine des Neiges', 0),
(252, 'Conan le détective', 0),
(253, 'Naruto', 0),
(254, 'Dragon Ball', 0),
(255, 'One Piece', 1),
(256, 'Son Goku', 0),
(257, 'Melodias', 0),
(258, 'Gogeta', 0),
(259, 'Saitama', 1),
(260, '	L (Death Note)', 0),
(261, 'Uchiha Itachi (Naruto)', 0),
(262, 'Levi (Shingeki no Kyojin)', 1),
(263, 'Monkey D.Luffy (One Piece)', 0),
(264, 'Jujutsu Kaisen', 1),
(265, 'Demon Slayer', 0),
(266, 'Tokyo Revengers', 0),
(267, 'L’attaque des Titans', 0),
(268, '	Erza Scarlett (Fairy Tail)', 0),
(269, 'Mikasa Ackerman (Shingeki no Kyojin)', 1),
(270, '	Lucy Heartfilia (Fairy Tail)', 0),
(271, 'Asuna (Sword Art Online)', 0),
(272, 'Goldorak', 1),
(273, 'Capitaine Flam', 0),
(274, 'Albator', 0),
(275, 'Princesse Sarah', 0),
(276, 'Call of Duty', 0),
(277, 'Dark Soul', 1),
(278, 'Escape from Tarkov', 0),
(279, 'Call of Duty', 0),
(280, 'Role Playing Game', 0),
(281, 'First Person Shooter', 0),
(282, 'Shoot Them Up', 0),
(283, 'Casual Gamer', 1),
(284, 'First Person Shooter', 1),
(285, 'First Plumber Shooter', 0),
(286, 'First Partner Shooted', 0),
(287, 'XV', 0),
(288, 'XVI', 1),
(289, 'XVII', 0),
(290, 'XVIII', 0),
(291, 'SuperFamicom', 0),
(292, 'Neo Geo', 1),
(293, 'Megadrive', 0),
(294, 'PC Engine CoreGrafx', 0),
(295, 'Un renard', 0),
(296, 'Un hérisson', 1),
(297, 'Un panda', 0),
(298, 'Un chat', 0),
(299, 'Sega 32X', 0),
(300, 'Mega- CD', 0),
(301, 'Saturn', 0),
(302, 'Dreamcast', 1),
(303, 'Pizzaiolo', 0),
(304, 'Plombier', 0),
(305, 'Charpentier', 1),
(306, 'Mécanicien', 0),
(311, 'Les temps de chargements sont plus courts', 0),
(312, 'La durabilité du format dans le temps', 0),
(313, 'Nintendo fabrique aussi le support', 1),
(314, 'Le format  frisbee c\'est has been...', 0),
(315, 'Sega Megadrive', 0),
(316, 'Super Nintendo', 0),
(317, 'Neo Geo', 0),
(318, 'Sega Master System', 1),
(319, 'le coût de fabrication', 0),
(320, 'la taille des jeux', 1),
(321, 'un format standardisé', 0),
(322, 'c\'était la mode', 0),
(331, 'Full Player Session', 0),
(332, 'La baisse du prix des jeux', 0),
(333, 'Le Nintendo E-shop', 0),
(334, 'Le porte feuille numérique', 0),
(335, 'la suppression du zonage', 1),
(336, 'SNK', 0),
(337, 'Sega', 1),
(338, 'Atari', 0),
(339, 'NEC', 0),
(340, 'crunch', 1),
(341, 'speedrun', 0),
(342, 'crash', 0),
(343, 'push up', 0),
(344, '12 ans et 127 jours', 0),
(345, '15 ans et 203 jours', 0),
(346, '21 ans et 45 jours', 0),
(347, '28 ans et 81 jours ', 1),
(348, 'Destiny', 0),
(349, 'Red Dead Redemption II', 1),
(350, 'GTA V', 0),
(351, 'Call of Duty : Modern Warfare 2', 0),
(352, '319 000$', 0),
(353, '457 000$', 0),
(354, '550 000$', 0),
(355, '660 000$', 1),
(356, 'Dragon Ball', 0),
(357, 'Hunter X Hunter', 0),
(358, 'Pokemon', 1),
(359, 'One Piece', 0),
(360, 'Nicky Larson', 1),
(361, 'Rick Hunter', 0),
(362, 'Bleach', 0),
(363, 'GTO', 0),
(364, 'Bleach', 0),
(365, 'Dragon Ball', 0),
(366, 'GTO', 0),
(367, 'One Punch Man', 0),
(368, 'Death Note', 1),
(369, 'Assassination Classroom', 0),
(370, 'Naruto', 0),
(371, 'Demon Slayer', 0),
(372, 'Jujutsu Kaisen', 1),
(373, 'My Hero Academia', 0),
(374, 'Hunter X Hunter', 0),
(375, 'Bleach', 0),
(376, 'Wario', 0),
(377, 'Gino', 0),
(378, 'Luigi', 1),
(379, 'Sergio', 0),
(380, 'FoxHound', 1),
(381, 'Delta Force One', 0),
(382, 'Warbirds', 0),
(383, 'ThunderGods', 0),
(384, 'Platini', 0),
(385, 'Deschamps', 0),
(386, 'Zidane', 1),
(387, 'Messi', 0),
(388, 'Hiro Mashima', 0),
(389, 'Osamu Tezuka', 1),
(390, 'Eiichirô Oda', 0),
(391, 'Rakuten Kitazawa', 0),
(392, '200 millions', 0),
(393, '275 millions', 0),
(394, '350 millions', 0),
(395, '450 millions', 1),
(396, 'Dragon Ball', 0),
(397, 'Death Note', 0),
(398, 'One Punch Man', 1),
(399, 'Naruto', 0),
(400, 'Dragon Ball', 1),
(401, 'Naruto', 0),
(402, 'Bleach', 0),
(403, 'One Piece', 0),
(404, 'Dans une école', 0),
(405, 'Sur une planète lointaine', 0),
(406, 'Akihabara à Tokyo', 0),
(407, 'Dans un jeu vidéo', 1),
(408, 'Un manga pour enfants', 0),
(409, 'Un manga pornographique', 1),
(410, 'Un manga d\'anticipation', 0),
(411, 'Un manga historique', 0),
(412, 'Des Titans', 0),
(413, 'Des Larvas', 0),
(414, 'Des Cyniclons', 0),
(415, 'Des Hollows', 1),
(416, 'One Piece', 1),
(417, 'Black Butler', 0),
(418, 'Naruto', 0),
(419, 'Bleach', 0),
(420, 'D\'un film', 0),
(421, 'D\'une histoire vraie', 0),
(422, 'D\'un manga', 0),
(423, 'D\'un jeu vidéo', 1),
(424, 'Shōnen Manga', 0),
(425, 'Shōjo Manga', 1),
(426, 'Seinen', 0),
(427, 'Kodomo', 0),
(428, 'Akira', 1),
(429, 'Video Girl Ai ou Video Girl Len', 0),
(430, 'Bastard !', 0),
(431, 'Dragon Ball', 0),
(432, 'Akira', 1),
(433, 'Video Girl Ai ou Video Girl Len', 0),
(434, 'Bastard !', 0),
(435, 'Dragon Ball', 0),
(436, 'Kohei Horikoshi', 0),
(437, 'Swendaï Kundaline', 0),
(438, 'Hajime Isayama', 0),
(439, 'Akira Toriyama', 1),
(440, 'Gundam Wing', 0),
(441, 'Yume Senshi Wingman', 0),
(442, 'Astro boy', 1),
(443, 'Gundam Zeta', 0),
(444, 'Hikaru no Go', 0),
(445, 'Sailor Moon', 0),
(446, 'Evangelion', 0),
(447, 'Yu Yu Hakusho', 1),
(448, 'Hunter x Hunter', 0),
(449, 'Hikaru no Go', 0),
(450, 'Zetman', 0),
(451, 'Neon Genesis Evangelion', 1),
(452, 'janvier 2020', 0),
(453, 'mars 2020', 0),
(454, 'novembre 2020', 1),
(455, 'janvier 2021', 0),
(456, 'un code de triche', 0),
(457, 'le mode God', 0),
(458, 'Un joueur casual', 0),
(459, 'un kill dans un FPS', 1),
(460, 'un code de triche', 0),
(461, 'le mode God', 0),
(462, 'Un joueur casual', 0),
(463, 'un kill dans un FPS', 1),
(464, 'un rêve', 0),
(465, 'un vieux show télévisé', 0),
(466, 'des papillons', 1),
(467, 'sa mère', 0),
(468, 'Donkey Kong', 0),
(469, 'Super Mario Bros', 0),
(470, 'Pac Man', 0),
(471, 'Pong', 1),
(472, 'Donkey Kong', 1),
(473, 'Mario Kart', 0),
(474, 'Super Mario Bros', 0),
(475, 'Mario et Luigi', 0),
(476, 'La route de l\'enfer', 0),
(477, 'La route de l\'arc en ciel', 1),
(478, 'La route des champions', 0),
(479, 'La route vers la victoire', 0),
(480, 'Metal Gear', 1),
(481, 'Warhammer 40k', 0),
(482, 'Gundam ', 0),
(483, 'Final Fantasy', 0),
(484, 'des goodies', 0),
(485, 'des jouets', 0),
(486, 'des jeux de société', 0),
(487, ' cartes à jouer', 1),
(488, 'Wii', 0),
(489, 'Wii U', 0),
(490, 'Gamecube', 1),
(491, 'Super Nintendo', 0),
(492, 'Microsoft', 0),
(493, 'Naugthy Dogs', 0),
(494, 'Ubisoft', 1),
(495, 'SquareEnix', 0),
(496, '2000', 0),
(497, '2003', 1),
(498, '2005', 0),
(499, '2006', 0),
(500, 'Wolfenstein 3D', 1),
(501, 'Doom', 0),
(502, 'Heretic', 0),
(503, 'Hexen', 0),
(504, 'Ubisoft', 0),
(505, 'Takes Two Interactive', 0),
(506, 'Naugthy Dog', 1),
(507, 'Microsoft', 0),
(508, 'Yu Narukami', 1),
(509, 'Ryo Kusanagi', 0),
(510, 'Sato Mishima', 0),
(511, 'Minato Arisato', 0),
(512, 'Un mois', 0),
(513, '6 mois', 0),
(514, 'Une semaine', 1),
(515, 'Un an', 0),
(516, 'Playstation 4', 0),
(517, 'Xbox One', 0),
(518, 'Nintendo Switch', 1),
(519, 'Nintendo 3DS XL', 0),
(520, '1889', 1),
(521, '1915', 0),
(522, '1952', 0),
(523, '1969', 0),
(524, 'Starcraft', 0),
(525, 'World of Warcraft', 1),
(526, 'Diablo', 0),
(527, 'Overwatch', 0),
(528, 'Microsoft', 0),
(529, 'Sega', 0),
(530, 'Nintendo', 1),
(531, 'Nec', 0),
(532, 'La chance est notre compétence', 0),
(533, 'La chance sourit aux audacieux', 0),
(534, 'Ne laissons pas le hasard décider', 0),
(535, 'Laissons la chance au ciel', 1),
(536, 'Xbox 360', 0),
(537, 'Xbox One', 0),
(538, 'Playstation 3', 1),
(539, 'Playstation 4', 0),
(540, '1990', 0),
(541, '1995', 1),
(542, '2000', 0),
(543, '2005', 0),
(544, 'Stanley Weinbaum', 1),
(545, 'Olaf Stapledon', 0),
(546, 'Werner Illing', 0),
(547, 'Edgar Rice Burroughs', 0),
(548, '1954', 0),
(549, '1967', 1),
(550, '1970', 0),
(551, '1973', 0),
(552, 'Sony Playstation', 0),
(553, 'SNK Neo Geo', 0),
(554, 'Sega Saturn', 1),
(555, 'Microsoft Xbox', 0),
(556, 'Pokemon', 1),
(557, 'Super Mario Bros', 0),
(558, 'Minecraft', 0),
(559, 'Call of Duty', 0),
(560, 'Pokemon', 0),
(561, 'Final Fantasy', 0),
(562, 'The Legend of Zelda', 1),
(563, 'Dragon Quest', 0),
(564, 'Pinky', 0),
(565, 'Clyde', 1),
(566, 'Blinky', 0),
(567, 'Inky', 0),
(568, 'Rocket League', 1),
(569, 'League of Legends', 0),
(570, 'Super Soccer', 0),
(571, 'Vroum Soccer', 0),
(572, ' Shigeru Miyamoto', 1),
(573, 'Akira Toryama', 0),
(574, 'Bill Gates', 0),
(575, 'Il est orphelin', 0),
(576, 'Mario Kart', 0),
(577, 'Wii Sports Resort', 0),
(578, 'New Super Mario bros', 0),
(579, 'Wii Sports', 1),
(580, 'Forza Motosport', 0),
(581, 'Gran Turismo', 1),
(582, 'Burnout', 0),
(583, 'Need for Speed', 0);

-- --------------------------------------------------------

--
-- Structure de la table `questions`
--

DROP TABLE IF EXISTS `questions`;
CREATE TABLE IF NOT EXISTS `questions` (
  `id_question` int(11) NOT NULL,
  `label` varchar(100) DEFAULT NULL,
  `level` varchar(50) DEFAULT NULL,
  `question` text,
  PRIMARY KEY (`id_question`)
) ENGINE=InnoDB DEFAULT CHARSET=utf8mb4;

--
-- Déchargement des données de la table `questions`
--

INSERT INTO `questions` (`id_question`, `label`, `level`, `question`) VALUES
(19, 'Culture geek', 'Noir', 'Quelle est la série d’animation japonaise la plus longue de l’Histoire ?'),
(20, 'Culture geek', 'Rouge', 'Quel a été le jeu vidéo le plus vendu au monde à ce jour ?'),
(21, 'Culture geek', 'Orange', 'Quel est le personnage de jeu vidéo le plus populaire au monde ?'),
(22, 'Culture geek', 'Rouge', 'Quel est le record du plus grand nombre de joueurs simultanés en ligne ?'),
(23, 'Culture geek', 'Noir', 'Quel est le record du jeu vidéo le plus joué dans le monde ?'),
(24, 'Culture geek', 'Rouge', 'Quel est le record du nombre d\'abonnés pour un MMO ?'),
(25, 'Culture geek', 'Noir', 'Quel est le record du plus grand succès pour un financement participatif ?'),
(26, 'Culture geek', 'Orange', 'Quelle console de jeux détient le record de vente au niveau mondial?'),
(27, 'Culture geek', 'Bleu', 'Quelle licence de jeux vidéo a été la plus adaptée en films ?'),
(28, 'Culture geek', 'Jaune', 'Quelle a été la borne d\'arcade la plus populaire au plan mondial ?'),
(29, 'Culture geek', 'Orange', 'Quel jeu vidéo détient le record d\'adaptations sur les différentes plateformes ?'),
(30, 'Culture geek', 'Rouge', 'Quelle console portable détient le record de ventes mondiales ?'),
(31, 'Culture geek', 'Rouge', 'Quel jeu vidéo détient le score unique de 99% sur Metacritic ?'),
(32, 'Culture geek', 'Vert', 'Quel est le nom occidental de la série d\'animation Shingeki no Kyojin ?'),
(33, 'Culture geek', 'Bleu', 'Quel est le record du plus grand casting de voix pour un jeu vidéo ?'),
(34, 'Culture geek', 'Noir', 'Quel est le jeu qui détient le record de copies illicites ?'),
(35, 'Culture geek', 'Noir', 'Quel jeu détient le record du plus grand nombre de frags consécutifs ?'),
(36, 'Culture geek', 'Noir', 'Quel jeu possède la version collector la plus rare au monde en 4 exemplaires ?'),
(37, 'Culture geek', 'Noir', 'Dans quel MMO trouve t-on le boss le plus dur à occire ?'),
(38, 'Culture geek', 'Bleu', 'Quel jeu a reçu le plus de prix \"Game of the Year\" ?'),
(39, 'Culture geek', 'Vert', 'Quel moteur de jeu est le plus populaire?'),
(40, 'Culture geek', 'Vert', 'Quelle héroine de jeu vidéo est la plus célèbre ?'),
(41, 'Culture geek', 'Orange', 'Quel est le nom du plus grand manga, par ses dimensions, qui a été imprimé ?'),
(42, 'Culture geek', 'Rouge', 'Combien de caractères contient le titre de manga le plus long ?'),
(43, 'Culture geek', 'Rouge', 'Combien de nouveaux mangas paraissent chaque année ?'),
(44, 'Culture geek', 'Rouge', 'En quelle année s\'implante réellement la culture manga en France ?'),
(45, 'Culture geek', 'Bleu', 'Quel pays consomme le plus de mangas après le Japon ?'),
(46, 'Culture geek', 'Orange', 'Combien de temps nécessiterait le visionnage en continu de tous les épisodes de Pokemon ?'),
(47, 'Culture geek', 'Noir', 'Quel est le salaire de Eiichiro Oda, mangaka de One piece ?'),
(48, 'Culture geek', 'Bleu', 'Quel film a généré 23M d\'entrées au Japon ?'),
(49, 'Culture geek', 'Bleu', 'Quel manga cumule le plus de ventes mondiales ?'),
(50, 'Culture geek', 'Orange', 'Quel personnage de manga est considéré comme le plus puissant ?'),
(51, 'Culture geek', 'Orange', 'Quel personnage de manga est le plus populaire ?'),
(52, 'Culture geek', 'Orange', 'Quel manga est le plus vendu au Japon en 2021 ?'),
(53, 'Culture geek', 'Bleu', 'Quelle héroïne de manga ou japanimation est la plus célèbre ?'),
(54, 'Culture geek', 'Vert', 'Quelle série Japonaise mets en scène le prince Arctarus ?'),
(55, 'Culture geek', 'Vert', 'Lequel de ces jeux n\'est pas un FPS ?'),
(56, 'Culture geek', 'Vert', 'Lequel de ces genres n\'existe pas dans le jeu vidéo ?'),
(57, 'Culture geek', 'Vert', 'Que signifie cet acronyme \"FPS\" dans le jeu vidéo ?'),
(58, 'Culture geek', 'Jaune', 'Quel numéro portera le prochain épisode de Final Fantasy sur PS5 ?'),
(59, 'Culture geek', 'Jaune', 'Quelle console de jeu des années 90 proposait une expérience identique aux bornes d\'arcade ?'),
(60, 'Culture geek', 'Jaune', 'Quel animal était la mascotte de Sega dans les années 90 ?'),
(61, 'Culture geek', 'Orange', 'Quelle fut la dernière console de Sega commercialisée en occident ??'),
(62, 'Culture geek', 'Vert', 'Quel était le premier métier de la mascotte Mario de Nintendo ?'),
(64, 'Culture geek', 'Vert', 'Pourquoi Nintendo a conservé le format cartouche pour ses jeux ?'),
(65, 'Culture geek', 'Jaune', 'Quelle console ne fait pas partie de l\'ère des 16 bits ? '),
(66, 'Culture geek', 'Vert', 'Pourquoi le format cartouche a t-il été supplanté par le format CD puis DVD ?'),
(67, 'Culture geek', 'Jaune', 'Quelle évolution majeure dans la politique commerciale de Nintendo est apparue avec la Switch ?'),
(68, 'Culture geek', 'Jaune', 'Quel éditeur a cessé le développement de consoles fin 2001 ?'),
(69, 'Culture geek', 'Bleu', 'Comment appelle t-on la phase finale épuisante de développement d\'un jeu vidéo ?'),
(70, 'Culture geek', 'Noir', 'Combien de temps aura t-il fallu pour développer le jeu Clockwork Aquario ? '),
(71, 'Culture geek', 'Rouge', 'Quel jeu vidéo a eu le coût de développement le plus élevé ?'),
(72, 'Culture geek', 'Rouge', 'Combien a été vendu aux enchères le jeu neuf Super Mario Bros sur Nintendo datant de 1986 ?'),
(73, 'Culture geek', 'Vert', '\"Attrapez-les tous\", il s\'agit du slogan de quel série ?'),
(74, 'Culture geek', 'Bleu', 'Le manga \"City Hunter\" décrivant un détective pervers a été repris dans un anime sous le nom :'),
(75, 'Culture geek', 'Bleu', 'À quel anime appartient cette réplique : \"Je suis juste un gars banal qui joue au super-héros.\"'),
(76, 'Culture geek', 'Orange', 'À quel anime appartient cette réplique : \"L\'être humain est un être fascinant.\"'),
(77, 'Culture geek', 'Orange', 'À quel anime appartient cette réplique : \"MY BESTO FRIENDO !\"'),
(78, 'Culture geek', 'Jaune', 'Comment s\'appelle le frère de Mario, le célèbre héros de Nintendo ?'),
(79, 'Culture geek', 'Orange', 'A quelle unité appartenait Solid Snake, héros de la saga Metal Gear Solid ?'),
(80, 'Culture geek', 'Rouge', 'Quel joueur de football partage son nom avec un héros de la saga Final Fantasy ?'),
(81, 'Culture geek', 'Noir', 'Qui est considéré comme le créateur du manga et le premier mangaka au Japon ?'),
(82, 'Culture geek', 'Orange', 'One Piece est le manga le plus vendu au monde. Mais à combien d\'exemplaires ?'),
(83, 'Culture geek', 'Orange', 'Lequel de ces mangas n\'est pas un shonen ?'),
(84, 'Culture geek', 'Vert', 'Kamehamehaaaaaaaaaaa! De quel célèbre manga est issu cette technique ?'),
(85, 'Culture geek', 'Jaune', 'Où se déroule l\'histoire de \'\'Sword Art Online\'\' ?'),
(86, 'Culture geek', 'Jaune', 'Qu\'est-ce qu\'un hentaï ?'),
(87, 'Culture geek', 'Rouge', 'Dans \'\'Bleach\'\', de qui les shinigami protège-t-il l\'humanité et les âmes des morts ?'),
(88, 'Culture geek', 'Bleu', 'Lequel de ces mangas n\'a pas eu le droit à une adaptation en film live ?'),
(89, 'Culture geek', 'Orange', 'À l\'origine, l\'animé \'\'Satsuriku no Tenshi\'\' est tiré :'),
(90, 'Culture geek', 'Bleu', 'Quelle catégorie de manga est réservée aux filles ?'),
(91, 'Culture geek', 'Orange', ' Quel est le premier manga sorti en noir et blanc aux éditions Glenat Manga ?'),
(92, 'Culture geek', 'Orange', ' Quel est le premier manga sorti en noir et blanc aux éditions Glenat Manga ?'),
(93, 'Culture geek', 'Jaune', 'Qui est le créateur du très célèbre manga Dragon Ball ?'),
(94, 'Culture geek', 'Bleu', 'Dans quel manga ou anime, le héros est un petit robot ?'),
(95, 'Culture geek', 'Rouge', ' Lequel de ces mangas est créé par l’auteur de Hunter x Hunter ?'),
(96, 'Culture geek', 'Orange', 'Lequel de ces mangas est d’abord sorti en anime ?'),
(97, 'Culture geek', 'Bleu', 'A quelle date est sortie la PS5  de Sony ?'),
(98, 'Culture geek', 'Jaune', 'Qu\'appelle t-on un \"frags\" ?'),
(99, 'Culture geek', 'Jaune', 'Que signifie un \"frag\" pour un gamer ?'),
(100, 'Culture geek', 'Orange', 'Quelle source d\'inspiration a aidé Satoshi Tajiri pour créer les Pokemons ?'),
(101, 'Culture geek', 'Bleu', 'Quel a été le premier succès commercial pour un jeu vidéo ?'),
(102, 'Culture geek', 'Vert', 'Dans quel jeu le personnage de Mario apparait pour la première fois ?'),
(103, 'Culture geek', 'Vert', 'Quel est le nom de la course finale de tous les Mario Kart ?'),
(104, 'Culture geek', 'Bleu', 'Solid Snake est le héros de quelle célèbre série sur consoles?'),
(105, 'Culture geek', 'Rouge', 'Que vendait Nintendo avant de se lancer dans la monde vidéoludique ?'),
(106, 'Culture geek', 'Rouge', 'Quelle est la première console de Nintendo comportant un disc optique ?'),
(107, 'Culture geek', 'Bleu', 'Quelle société éditrice commercialise la série \"Far Cry\"'),
(108, 'Culture geek', 'Orange', 'En quelle année est sortit le premier \"Call of Duty\" ?'),
(109, 'Culture geek', 'Orange', 'Quel a été le tout premier FPS sur console ?'),
(110, 'Culture geek', 'Orange', 'Mise à part Universal Interactive Studios, quel studio a développé Crash bandicoot ?'),
(111, 'Culture geek', 'Noir', 'Quel est le nom du protagoniste iconique de Persona 4 ?'),
(112, 'Culture geek', 'Jaune', 'Combien de temps a mis Markus Persson pour sortir la première version de Minecraft ?'),
(113, 'Culture geek', 'Jaune', 'Quelle console s\'est la plus vendue en 2020 ?'),
(114, 'Culture geek', 'Rouge', 'En quelle année a été fondée la société Nintendo ?'),
(115, 'Culture geek', 'Bleu', 'Quelle est la franchise la plus connue de Blizzard Entertainment ?'),
(116, 'Culture geek', 'Bleu', 'Quelle compagnie a travaillé avec Sony sur le projet Playstation ?'),
(117, 'Culture geek', 'Noir', 'Que signifie le nom Nintendo ?'),
(118, 'Culture geek', 'Noir', 'Quelle console l\' US Air Force a utilisé en cluster pour réaliser un supercalculateur ?'),
(119, 'Culture geek', 'Rouge', 'En quelle année a été réalisé le premier casque virtuel ?'),
(120, 'Culture geek', 'Noir', 'Quel auteur de science fiction des années 30 a prédit l\'arrivée de la réalité virtuelle ?'),
(121, 'Culture geek', 'Rouge', 'En quelle année est sorti le prototype de la première console de jeu ?'),
(122, 'Culture geek', 'Noir', 'Quelle est la première console a disposer de mémoire interne ?'),
(123, 'Culture geek', 'Jaune', 'Quel est le jeu vidéo le plus rentable de tous les temps ?'),
(124, 'Culture geek', 'Jaune', 'Le royaume d\'Hyrule est le terrain des aventures de quelle saga célèbre ?'),
(125, 'Culture geek', 'Jaune', 'Quel est le nom du fantôme orange dans Pac Man ?'),
(126, 'Culture geek', 'Vert', 'Dans quel jeu le football se pratique avec des voitures ?'),
(127, 'Culture geek', 'Vert', 'Qui est le créateur de Mario?'),
(128, 'Culture geek', 'Vert', 'Quel a été le jeu le plus vendu de la Wii ?'),
(129, 'Culture geek', 'Vert', 'Quel est le plus célèbre jeu de courses automobiles sur les consoles Sony ?');

--
-- Déclencheurs `questions`
--
DROP TRIGGER IF EXISTS `delete all questions`;
DELIMITER $$
CREATE TRIGGER `delete all questions` BEFORE DELETE ON `questions` FOR EACH ROW DELETE 
FROM questions_answers
WHERE id_question = OLD.id_question
$$
DELIMITER ;

-- --------------------------------------------------------

--
-- Structure de la table `questions_answers`
--

DROP TABLE IF EXISTS `questions_answers`;
CREATE TABLE IF NOT EXISTS `questions_answers` (
  `id_question` int(11) NOT NULL,
  `id_answer` int(11) NOT NULL,
  PRIMARY KEY (`id_question`,`id_answer`),
  KEY `id_answer` (`id_answer`)
) ENGINE=InnoDB DEFAULT CHARSET=utf8mb4;

--
-- Déchargement des données de la table `questions_answers`
--

INSERT INTO `questions_answers` (`id_question`, `id_answer`) VALUES
(19, 129),
(19, 130),
(19, 131),
(19, 132),
(20, 133),
(20, 134),
(20, 135),
(20, 136),
(21, 137),
(21, 138),
(21, 139),
(21, 140),
(22, 141),
(22, 142),
(22, 143),
(22, 144),
(23, 145),
(23, 146),
(23, 147),
(23, 148),
(24, 149),
(24, 150),
(24, 151),
(24, 152),
(25, 155),
(26, 156),
(26, 157),
(26, 158),
(26, 159),
(27, 160),
(27, 161),
(27, 162),
(27, 163),
(28, 164),
(28, 165),
(28, 166),
(28, 167),
(29, 168),
(29, 169),
(29, 170),
(29, 171),
(30, 172),
(30, 173),
(30, 174),
(30, 175),
(31, 176),
(31, 177),
(31, 178),
(31, 179),
(32, 180),
(32, 181),
(32, 182),
(32, 183),
(33, 184),
(33, 185),
(33, 186),
(33, 187),
(34, 188),
(34, 189),
(34, 190),
(34, 191),
(35, 192),
(35, 193),
(35, 194),
(35, 195),
(36, 196),
(36, 197),
(36, 198),
(36, 199),
(37, 204),
(37, 205),
(37, 206),
(37, 207),
(38, 208),
(38, 209),
(38, 210),
(38, 211),
(39, 212),
(39, 213),
(39, 214),
(39, 215),
(40, 216),
(40, 217),
(40, 218),
(40, 219),
(41, 220),
(41, 221),
(41, 222),
(41, 223),
(42, 224),
(42, 225),
(42, 226),
(42, 227),
(43, 228),
(43, 229),
(43, 230),
(43, 231),
(44, 232),
(44, 233),
(44, 234),
(44, 235),
(45, 236),
(45, 237),
(45, 238),
(45, 239),
(46, 240),
(46, 241),
(46, 242),
(46, 243),
(47, 244),
(47, 245),
(47, 246),
(47, 247),
(48, 248),
(48, 249),
(48, 250),
(48, 251),
(49, 252),
(49, 253),
(49, 254),
(49, 255),
(50, 256),
(50, 257),
(50, 258),
(50, 259),
(51, 260),
(51, 261),
(51, 262),
(51, 263),
(52, 264),
(52, 265),
(52, 266),
(52, 267),
(53, 268),
(53, 269),
(53, 270),
(53, 271),
(54, 272),
(54, 273),
(54, 274),
(54, 275),
(55, 276),
(55, 277),
(55, 278),
(55, 279),
(56, 280),
(56, 281),
(56, 282),
(56, 283),
(57, 284),
(57, 285),
(57, 286),
(58, 287),
(58, 288),
(58, 289),
(58, 290),
(59, 291),
(59, 292),
(59, 293),
(59, 294),
(60, 295),
(60, 296),
(60, 297),
(60, 298),
(61, 299),
(61, 300),
(61, 301),
(61, 302),
(62, 303),
(62, 304),
(62, 305),
(62, 306),
(64, 311),
(64, 312),
(64, 313),
(64, 314),
(65, 315),
(65, 316),
(65, 317),
(65, 318),
(66, 319),
(66, 320),
(66, 321),
(66, 322),
(57, 331),
(67, 332),
(67, 333),
(67, 334),
(67, 335),
(68, 336),
(68, 337),
(68, 338),
(68, 339),
(69, 340),
(69, 341),
(69, 342),
(69, 343),
(70, 344),
(70, 345),
(70, 346),
(70, 347),
(71, 348),
(71, 349),
(71, 350),
(71, 351),
(72, 352),
(72, 353),
(72, 354),
(72, 355),
(73, 356),
(73, 357),
(73, 358),
(73, 359),
(74, 360),
(74, 361),
(74, 362),
(74, 363),
(75, 364),
(75, 365),
(75, 366),
(75, 367),
(76, 368),
(76, 369),
(76, 370),
(76, 371),
(77, 372),
(77, 373),
(77, 374),
(77, 375),
(78, 376),
(78, 377),
(78, 378),
(78, 379),
(79, 380),
(79, 381),
(79, 382),
(79, 383),
(80, 384),
(80, 385),
(80, 386),
(80, 387),
(81, 388),
(81, 389),
(81, 390),
(81, 391),
(82, 392),
(82, 393),
(82, 394),
(82, 395),
(83, 396),
(83, 397),
(83, 398),
(83, 399),
(84, 400),
(84, 401),
(84, 402),
(84, 403),
(85, 404),
(85, 405),
(85, 406),
(85, 407),
(86, 408),
(86, 409),
(86, 410),
(86, 411),
(87, 412),
(87, 413),
(87, 414),
(87, 415),
(88, 416),
(88, 417),
(88, 418),
(88, 419),
(89, 420),
(89, 421),
(89, 422),
(89, 423),
(90, 424),
(90, 425),
(90, 426),
(90, 427),
(91, 428),
(91, 429),
(91, 430),
(91, 431),
(92, 432),
(92, 433),
(92, 434),
(92, 435),
(93, 436),
(93, 437),
(93, 438),
(93, 439),
(94, 440),
(94, 441),
(94, 442),
(94, 443),
(95, 444),
(95, 445),
(95, 446),
(95, 447),
(96, 448),
(96, 449),
(96, 450),
(96, 451),
(97, 452),
(97, 453),
(97, 454),
(97, 455),
(98, 456),
(98, 457),
(98, 458),
(98, 459),
(99, 460),
(99, 461),
(99, 462),
(99, 463),
(100, 464),
(100, 465),
(100, 466),
(100, 467),
(101, 468),
(101, 469),
(101, 470),
(101, 471),
(102, 472),
(102, 473),
(102, 474),
(102, 475),
(103, 476),
(103, 477),
(103, 478),
(103, 479),
(104, 480),
(104, 481),
(104, 482),
(104, 483),
(105, 484),
(105, 485),
(105, 486),
(105, 487),
(106, 488),
(106, 489),
(106, 490),
(106, 491),
(107, 492),
(107, 493),
(107, 494),
(107, 495),
(108, 496),
(108, 497),
(108, 498),
(108, 499),
(109, 500),
(109, 501),
(109, 502),
(109, 503),
(110, 504),
(110, 505),
(110, 506),
(110, 507),
(111, 508),
(111, 509),
(111, 510),
(111, 511),
(112, 512),
(112, 513),
(112, 514),
(112, 515),
(113, 516),
(113, 517),
(113, 518),
(113, 519),
(114, 520),
(114, 521),
(114, 522),
(114, 523),
(115, 524),
(115, 525),
(115, 526),
(115, 527),
(116, 528),
(116, 529),
(116, 530),
(116, 531),
(117, 532),
(117, 533),
(117, 534),
(117, 535),
(118, 536),
(118, 537),
(118, 538),
(118, 539),
(119, 540),
(119, 541),
(119, 542),
(119, 543),
(120, 544),
(120, 545),
(120, 546),
(120, 547),
(121, 548),
(121, 549),
(121, 550),
(121, 551),
(122, 552),
(122, 553),
(122, 554),
(122, 555),
(123, 556),
(123, 557),
(123, 558),
(123, 559),
(124, 560),
(124, 561),
(124, 562),
(124, 563),
(125, 564),
(125, 565),
(125, 566),
(125, 567),
(126, 568),
(126, 569),
(126, 570),
(126, 571),
(127, 572),
(127, 573),
(127, 574),
(127, 575),
(128, 576),
(128, 577),
(128, 578),
(128, 579),
(129, 580),
(129, 581),
(129, 582),
(129, 583);

--
-- Déclencheurs `questions_answers`
--
DROP TRIGGER IF EXISTS `delete answers`;
DELIMITER $$
CREATE TRIGGER `delete answers` AFTER DELETE ON `questions_answers` FOR EACH ROW DELETE 
FROM answer
WHERE id_answer = OLD.id_answer
$$
DELIMITER ;

-- --------------------------------------------------------

--
-- Structure de la table `users`
--

DROP TABLE IF EXISTS `users`;
CREATE TABLE IF NOT EXISTS `users` (
  `id_user` int(11) NOT NULL AUTO_INCREMENT,
  `username` varchar(50) DEFAULT NULL,
  `password` varchar(255) DEFAULT NULL,
  `firstName` varchar(50) DEFAULT NULL,
  `lastName` varchar(50) DEFAULT NULL,
  `mail` varchar(100) DEFAULT NULL,
  `roles` varchar(50) DEFAULT NULL,
  `createAt` date DEFAULT NULL,
  PRIMARY KEY (`id_user`)
) ENGINE=InnoDB AUTO_INCREMENT=52 DEFAULT CHARSET=utf8mb4;

--
-- Déchargement des données de la table `users`
--

INSERT INTO `users` (`id_user`, `username`, `password`, `firstName`, `lastName`, `mail`, `roles`, `createAt`) VALUES
(17, 'Admin', '$2y$10$4bqJpekjQTz9vTV30LxrneZM25OKYnf7Oc8cTIP3sITnbQ7N0LjGK', 'Admin', 'Admin', 'admin57@test.Fr', 'ROLES_ADMIN', '2021-11-24'),
(37, 'ilovu<3', '$2y$10$KrQwQ0.WKebJ8qb59u.ZaOj5HPNPVp5tPgHEjb55Yqv/48iITbn4i', 'Love', 'Peace', 'ohmmmm@gmail.com', 'ROLES_USER', '2021-12-08'),
(39, 'testCo', '$2y$10$UQqWYAMcnMGbWvRtJZKPTOaB9ZdtmRxHjzAauDLDAPodMKXT71ygO', 'hahahah', 'aze', 'toto@free.fr', 'ROLES_USER', '2021-12-09'),
(47, 'shandia', '$2y$10$xXfm77grGz.sz3pmxNRZYuobIQHtW1gPiiz9AfPol196lC5dlo0nG', 'Alexandre', 'Schmitt', 'shandia@test.fr', 'ROLES_USER', '2021-12-24'),
(51, 'Dokaio', '$2y$10$H7SZUBTaqRzSKHsvpldryuM6AZTrTCYGa5GKqEFK43qGWifCsEO6q', 'aLEX', 'Sch', 'test@hotmail.fr', 'ROLES_USER', '2022-01-07');

--
-- Contraintes pour les tables déchargées
--

--
-- Contraintes pour la table `questions_answers`
--
ALTER TABLE `questions_answers`
  ADD CONSTRAINT `questions_answers_ibfk_1` FOREIGN KEY (`id_question`) REFERENCES `questions` (`id_question`),
  ADD CONSTRAINT `questions_answers_ibfk_2` FOREIGN KEY (`id_answer`) REFERENCES `answer` (`id_answer`);
COMMIT;

/*!40101 SET CHARACTER_SET_CLIENT=@OLD_CHARACTER_SET_CLIENT */;
/*!40101 SET CHARACTER_SET_RESULTS=@OLD_CHARACTER_SET_RESULTS */;
/*!40101 SET COLLATION_CONNECTION=@OLD_COLLATION_CONNECTION */;
